	pair_id	label	flan-t5-xxl-tfidf-balanced--4shots-9999.tsv	flan-t5-xxl-tfidf-balanced-pruned-0.60-2shots-1234.tsv	gptj-tfidf-3shots-1234.tsv	flan-t5-xxl-tfidf-balanced-pruned-0.15-2shots-1234.tsv	flan-t5-xxl-tfidf-balanced--2shots-9999.tsv	flan-t5-xxl-tfidf-balanced-2shots-1234.tsv	flan-t5-xxl_H30_vanilla_2_1_1.tsv	flan-t5-xxl-selfask.tsv	flan-ul2-vanilla-1234.tsv	T0pp-vanilla-1234.tsv	gptj-0shots-1234.tsv	flan-t5-xxl-tfidf-balanced--4shots-4567.tsv	flan-t5-xxl-vanilla-1234.tsv	flan-t5-xxl-tfidf-balanced-pruned-0.9-2shots-1234.tsv	flan-t5-xxl-tfidf-balanced--2shots-4567.tsv	T0-vanilla-1234.tsv	flan-t5-xxl-tfidf-balanced-4shots-1234.tsv	flan-t5-xxl-tfidf-balanced-pruned-0.75-2shots-1234.tsv	H30-flan-t5-xxl-3shots-prompts.txt	flan-t5-xxl-tfidf-balanced-pruned-0.3-2shots-1234.tsv	flan-t5-xxl-tfidf-3shots-9999.tsv	flan-t5-xxl_H30_vanilla_4_1_1.tsv	T0_3B-vanilla-1234.tsv	T0p-vanilla-1234.tsv	flan-t5-xxl-tfidf-unbalanced-3shot-1234.tsv	flan-t5-xxl-tfidf-3shots-1234.tsv	samp_acc
0	H30-1-A	1	0	0	0	0	0	0	2	1	0	0	0	0	0	0	0	0	0	0	2	0	0	2	0	0	0	0	0.038461538461538464
1	H30-2-I	0	0	0	0	0	0	0	2	0	0	0	0	0	0	0	0	0	0	0	2	0	0	2	0	0	0	0	0.8846153846153846
2	H30-2-U	0	0	0	1	0	0	0	2	0	0	0	0	0	0	0	0	0	0	0	2	0	0	2	0	0	0	0	0.8461538461538461
3	H30-4-A	1	1	1	0	1	1	1	2	1	1	0	1	1	1	1	1	1	1	1	2	1	1	2	0	0	1	1	0.7307692307692307
4	H30-4-I	0	1	1	1	1	1	1	2	1	1	1	0	1	1	1	1	1	1	1	2	1	1	2	1	1	1	1	0.038461538461538464
5	H30-4-U	1	1	0	1	1	1	1	2	0	1	0	1	1	1	1	0	0	1	1	2	1	1	2	0	0	1	1	0.6153846153846154
6	H30-4-E	0	1	1	0	1	1	1	2	1	1	0	0	1	1	1	1	0	1	1	2	1	1	2	0	0	1	1	0.23076923076923078
7	H30-4-O	1	1	1	1	1	1	1	2	1	1	1	1	1	1	1	1	0	1	1	2	1	1	2	0	0	1	1	0.7692307692307693
8	H30-5-A	1	0	0	0	0	0	0	2	1	1	0	0	0	0	0	0	0	0	0	2	0	0	2	0	0	0	1	0.11538461538461539
9	H30-5-U	0	1	0	1	1	1	1	2	1	1	0	0	1	1	1	1	0	1	1	2	1	1	2	0	0	0	1	0.2692307692307692
10	H30-5-E	1	0	0	1	0	0	0	2	0	1	0	1	0	0	0	0	0	0	0	2	0	0	2	0	0	0	0	0.11538461538461539
11	H30-6-A	1	1	1	1	1	1	1	2	1	1	1	0	1	1	1	1	1	1	1	2	1	1	2	0	0	1	1	0.7692307692307693
12	H30-7-A	1	1	1	0	1	1	1	2	1	1	0	0	1	1	1	1	0	1	1	2	1	1	2	0	0	1	1	0.6538461538461539
13	H30-7-I	0	1	1	1	1	1	1	2	1	1	0	0	1	1	1	1	0	1	1	2	1	1	2	0	0	1	1	0.19230769230769232
14	H30-8-A	0	1	1	1	1	1	1	2	1	1	1	0	1	1	1	1	1	1	1	2	1	1	2	1	1	1	1	0.038461538461538464
15	H30-8-I	1	1	1	1	1	1	1	2	1	1	0	0	0	1	1	1	0	1	1	2	1	1	2	0	0	1	1	0.6538461538461539
16	H30-9-A	0	0	0	1	0	0	0	2	0	0	0	1	0	0	0	0	0	0	0	2	0	0	2	0	0	0	0	0.8076923076923077
17	H30-9-I	1	1	1	1	1	1	1	2	1	1	1	1	1	1	1	1	1	1	1	2	1	1	2	1	1	1	1	0.8846153846153846
18	H30-9-U	1	0	0	1	0	0	0	2	1	1	0	0	0	0	0	0	0	0	0	2	0	0	2	0	0	0	0	0.11538461538461539
19	H30-11-U	1	1	1	0	1	1	1	2	1	1	0	0	1	1	1	0	0	1	1	2	1	1	2	0	0	1	1	0.6153846153846154
20	H30-11-O	1	1	1	1	1	1	1	2	1	1	1	1	1	1	1	1	0	1	1	2	1	1	2	0	0	1	1	0.7692307692307693
21	H30-12-E	1	0	0	1	0	0	0	2	1	1	0	0	0	0	0	0	0	0	0	2	0	0	2	0	0	0	0	0.11538461538461539
22	H30-13-A	1	1	1	0	1	1	1	2	1	1	0	0	1	1	1	1	0	1	1	2	1	1	2	0	0	1	1	0.6538461538461539
23	H30-13-I	1	1	1	0	1	1	1	2	1	1	1	1	1	1	1	1	0	1	1	2	1	1	2	0	0	1	1	0.7307692307692307
24	H30-13-U	0	1	1	1	0	0	1	2	1	1	1	1	1	1	1	0	0	1	0	2	1	1	2	0	0	1	1	0.2692307692307692
25	H30-13-E	1	1	1	1	1	1	1	2	1	1	1	1	1	1	1	1	0	1	1	2	1	1	2	0	0	1	1	0.7692307692307693
26	H30-15-A	0	0	0	1	0	0	0	2	0	0	0	1	0	0	0	0	0	0	0	2	0	0	2	0	0	0	0	0.8076923076923077
27	H30-15-I	1	1	1	1	1	1	1	2	0	1	0	0	1	1	1	1	0	1	1	2	1	1	2	0	0	1	1	0.6538461538461539
28	H30-15-U	1	0	0	1	0	0	1	2	0	1	0	0	0	1	0	1	0	1	0	2	0	1	2	0	0	0	1	0.3076923076923077
29	H30-15-E	0	0	0	1	0	0	0	2	0	1	0	0	0	0	0	0	0	0	0	2	0	0	2	0	0	0	0	0.8076923076923077
30	H30-15-O	1	1	1	1	1	1	1	2	1	1	1	1	1	1	1	1	0	1	1	2	1	1	2	1	0	1	1	0.8076923076923077
31	H30-16-A	0	0	0	1	0	0	0	2	0	1	0	0	0	0	0	0	0	0	0	2	0	0	2	0	0	0	0	0.8076923076923077
32	H30-16-I	0	0	0	0	0	0	0	2	0	1	0	1	0	0	0	0	0	0	0	2	0	0	2	0	0	0	0	0.8076923076923077
33	H30-16-O	0	1	1	0	1	1	0	2	1	1	1	1	1	1	1	0	0	1	1	2	1	1	2	1	0	1	1	0.19230769230769232
34	H30-18-I	1	1	1	1	1	1	1	2	1	1	1	1	1	1	1	1	0	1	1	2	1	1	2	0	0	1	1	0.7692307692307693
35	H30-18-U	0	0	0	1	0	0	0	2	0	0	0	1	0	0	0	0	0	0	0	2	0	0	2	0	0	0	0	0.8076923076923077
36	H30-18-E	0	0	0	1	0	0	0	2	0	1	0	1	0	0	0	0	0	0	0	2	0	0	2	0	0	0	0	0.7692307692307693
37	H30-19-A	0	0	1	1	1	0	0	2	0	1	0	0	0	0	0	1	0	0	0	2	0	0	2	0	0	0	0	0.6923076923076923
38	H30-19-I	0	1	0	0	0	1	0	2	0	1	0	0	0	0	0	0	0	0	0	2	0	1	2	0	0	0	0	0.7307692307692307
39	H30-19-U	1	1	1	2	1	1	1	2	0	1	0	0	1	1	1	1	0	1	1	2	1	1	2	0	0	1	1	0.6153846153846154
40	H30-19-E	1	1	1	1	1	1	1	2	1	1	0	1	1	1	1	1	0	1	1	2	1	1	2	0	0	1	1	0.7307692307692307
41	H30-20-A	0	0	0	0	0	0	0	2	0	1	0	0	1	0	1	0	0	0	0	2	0	1	2	0	0	0	1	0.6923076923076923
42	H30-20-E	0	0	0	1	0	0	0	2	0	1	0	0	0	0	0	0	0	0	0	2	0	0	2	0	0	0	0	0.8076923076923077
43	H30-20-O	0	0	0	0	0	0	0	2	0	1	0	0	0	0	0	0	0	0	0	2	0	0	2	0	0	0	0	0.8461538461538461
44	H30-22-A	0	0	0	1	1	1	1	2	1	1	1	1	1	1	1	1	1	1	1	2	1	1	2	0	0	0	1	0.19230769230769232
45	H30-22-I	0	1	0	0	1	0	1	2	1	1	0	0	1	1	1	1	0	1	0	2	1	1	2	0	0	1	0	0.38461538461538464
46	H30-22-U	1	1	1	1	1	1	1	2	1	1	0	1	1	1	1	1	0	1	1	2	1	1	2	0	0	1	1	0.7307692307692307
47	H30-22-E	1	1	1	1	1	1	1	2	1	1	0	0	1	1	1	1	0	1	1	2	1	1	2	0	0	1	1	0.6923076923076923
48	H30-22-O	1	0	0	1	0	0	0	2	0	1	1	1	0	0	0	0	0	0	0	2	0	0	2	0	0	0	0	0.15384615384615385
49	H30-23-A	0	0	0	1	0	0	0	2	0	1	0	0	0	0	0	0	0	0	0	2	0	0	2	0	0	0	0	0.8076923076923077
50	H30-23-I	1	0	0	0	0	0	0	2	1	1	1	0	0	0	0	0	0	0	0	2	0	0	2	0	0	0	0	0.11538461538461539
51	H30-23-O	1	1	1	0	1	1	1	2	1	1	1	0	1	1	1	1	0	1	1	2	1	1	2	0	0	1	1	0.6923076923076923
52	H30-24-A	0	1	1	2	1	1	1	2	0	1	0	0	1	1	1	1	0	1	1	2	1	1	2	0	0	1	1	0.23076923076923078
53	H30-24-U	1	1	1	1	1	1	1	2	1	1	0	0	1	1	1	1	0	1	1	2	1	1	2	0	0	1	1	0.6923076923076923
54	H30-24-E	1	1	1	1	1	1	1	2	0	1	0	1	1	1	1	1	0	1	1	2	1	1	2	0	0	1	1	0.6923076923076923
55	H30-24-O	0	0	0	1	0	0	0	2	0	1	0	0	0	0	0	0	0	0	0	2	0	0	2	0	0	0	0	0.8076923076923077
56	H30-25-A	0	1	1	1	1	1	1	2	1	1	1	0	1	1	1	1	0	1	1	2	1	1	2	0	0	1	1	0.15384615384615385
57	H30-26-A	0	1	1	2	1	1	1	2	1	1	1	1	1	1	1	1	1	1	1	2	1	1	2	0	0	1	1	0.07692307692307693
58	H30-26-U	1	1	1	0	1	1	1	2	0	1	1	1	1	1	1	1	1	1	1	2	1	1	2	1	1	1	1	0.8076923076923077
59	H30-26-E	1	1	1	0	1	1	1	2	1	1	1	0	1	1	1	1	1	1	1	2	1	1	2	1	1	1	1	0.8076923076923077
60	H30-26-O	0	0	0	0	0	0	0	2	0	1	0	0	0	0	0	0	0	0	1	2	0	0	2	0	0	0	0	0.8076923076923077
61	H30-28-I	0	1	1	1	1	1	1	2	1	1	0	0	1	0	1	0	0	1	1	2	1	1	2	0	0	1	1	0.2692307692307692
62	H30-28-U	1	1	1	1	1	1	1	2	1	1	0	0	1	0	1	1	0	1	1	2	1	1	2	0	0	1	1	0.6538461538461539
63	H30-28-E	0	1	1	0	1	1	1	2	1	1	0	0	1	1	1	1	0	1	1	2	1	1	2	0	0	1	1	0.23076923076923078
64	H30-28-O	0	1	1	1	1	1	1	2	1	1	0	0	1	1	1	1	0	1	1	2	1	1	2	0	0	1	1	0.19230769230769232
65	H30-29-I	1	1	1	1	1	1	1	2	1	1	1	1	1	1	1	1	1	1	1	2	1	1	2	1	1	1	1	0.8846153846153846
66	H30-29-U	0	0	0	1	1	1	0	2	1	1	0	1	1	0	1	1	0	1	1	2	1	1	2	0	0	0	0	0.38461538461538464
67	H30-29-E	1	1	1	1	1	1	1	2	1	1	1	0	1	1	1	1	0	1	1	2	1	1	2	1	1	1	1	0.8076923076923077
68	H30-36-A	0	0	0	1	1	0	0	2	1	1	0	0	0	1	0	0	0	0	1	2	0	0	2	0	0	0	1	0.6153846153846154
69	H30-36-O	1	0	1	1	1	1	1	2	0	1	1	0	0	1	1	1	1	0	1	2	1	1	2	0	0	1	1	0.6153846153846154
70	R01-1-A	0	1	1	2	1	1	0	2	1	1	0	2	0	1	1	1	0	1	1	2	1	1	2	0	0	1	1	0.23076923076923078
71	R01-1-I	1	1	1	2	1	1	1	2	1	1	0	2	1	1	1	1	0	1	1	2	1	1	2	0	0	1	1	0.6538461538461539
72	R01-1-U	1	1	1	2	1	1	1	2	1	1	0	2	1	1	1	1	0	1	1	2	1	1	2	0	0	1	1	0.6538461538461539
73	R01-1-E	1	1	1	2	1	1	1	2	1	1	1	2	1	1	1	1	1	1	1	2	1	1	2	1	1	1	1	0.8076923076923077
74	R01-1-O	0	0	0	2	0	0	0	2	1	1	0	2	0	0	0	0	0	0	0	2	0	0	2	0	0	0	0	0.7307692307692307
75	R01-2-A	1	1	1	2	1	1	1	2	1	1	1	2	1	1	1	1	0	1	1	2	1	1	2	0	0	1	1	0.6923076923076923
76	R01-2-I	1	0	0	2	0	0	0	2	1	1	0	2	0	0	0	0	0	0	0	2	0	0	2	0	0	0	0	0.07692307692307693
77	R01-2-U	1	0	0	2	0	0	0	2	1	1	0	2	0	0	0	0	0	0	0	2	0	0	2	0	0	0	0	0.07692307692307693
78	R01-2-E	0	0	0	2	0	0	0	2	1	1	0	2	0	0	0	0	0	0	0	2	0	0	2	0	0	0	0	0.7307692307692307
79	R01-2-O	0	0	0	2	0	0	0	2	1	1	0	2	0	0	0	0	0	0	0	2	0	0	2	0	0	0	0	0.7307692307692307
80	R01-3-A	0	1	1	2	1	1	1	2	1	1	1	2	1	1	1	1	0	1	1	2	1	1	2	0	1	1	1	0.07692307692307693
81	R01-3-I	1	1	1	2	0	1	1	2	1	1	1	2	1	1	1	1	0	1	1	2	1	1	2	0	0	1	1	0.6538461538461539
82	R01-3-E	1	0	0	2	0	0	0	2	1	1	0	2	0	0	0	0	0	0	0	2	0	1	2	0	0	0	0	0.11538461538461539
83	R01-3-O	0	1	1	2	1	1	1	2	1	1	0	2	1	1	1	1	0	1	1	2	1	1	2	0	0	1	1	0.15384615384615385
84	R01-4-I	1	1	1	2	1	1	1	2	1	1	1	2	1	1	1	1	0	1	1	2	1	1	2	1	0	1	1	0.7307692307692307
85	R01-4-U	0	0	0	2	0	0	0	2	0	1	0	2	0	0	0	0	0	0	0	2	0	0	2	0	0	0	0	0.7692307692307693
86	R01-4-E	1	1	1	2	1	1	1	2	1	1	1	2	1	1	1	1	1	1	1	2	1	1	2	0	1	1	1	0.7692307692307693
87	R01-4-O	0	1	1	2	1	1	1	2	1	1	1	2	1	1	1	1	1	1	1	2	1	1	2	1	1	1	1	0.0
88	R01-5-E	0	0	0	2	0	0	0	2	1	1	0	2	0	0	0	0	0	0	0	2	0	0	2	0	0	0	0	0.7307692307692307
89	R01-5-O	1	0	0	2	0	0	0	2	1	1	0	2	0	0	0	0	0	0	0	2	0	0	2	0	0	0	0	0.07692307692307693
90	R01-6-A	1	0	0	2	0	0	0	2	1	1	0	2	0	0	0	0	0	0	0	2	0	0	2	0	0	0	0	0.07692307692307693
91	R01-6-I	0	0	0	2	0	0	0	2	0	1	0	2	0	0	0	0	0	0	0	2	0	0	2	0	0	0	0	0.7692307692307693
92	R01-7-I	0	1	1	2	1	1	1	2	1	1	1	2	1	1	1	1	0	1	1	2	1	1	2	0	0	1	1	0.11538461538461539
93	R01-7-U	1	1	1	2	1	1	1	2	1	1	0	2	1	1	1	1	0	1	1	2	1	1	2	0	0	1	1	0.6538461538461539
94	R01-7-E	1	1	1	2	1	1	1	2	1	1	0	2	1	1	1	1	0	1	1	2	1	1	2	0	0	1	1	0.6538461538461539
95	R01-7-O	1	1	1	2	1	1	1	2	1	1	0	2	1	1	1	1	0	1	1	2	1	1	2	0	0	1	1	0.6538461538461539
96	R01-8-A	1	0	0	2	0	0	0	2	1	1	0	2	0	1	0	1	0	0	1	2	1	0	2	0	0	0	0	0.23076923076923078
97	R01-8-O	1	1	1	2	1	1	1	2	1	1	1	2	1	1	1	1	1	1	1	2	1	1	2	1	0	1	1	0.7692307692307693
98	R01-9-A	0	1	1	2	1	1	1	2	1	1	0	2	0	1	1	1	0	1	1	2	1	1	2	0	0	1	1	0.19230769230769232
99	R01-9-I	1	1	1	2	1	1	1	2	1	1	1	2	1	1	1	1	1	1	1	2	1	1	2	1	1	1	1	0.8076923076923077
100	R01-9-U	0	0	0	2	0	0	0	2	1	0	0	2	0	0	0	0	0	0	0	2	0	0	2	1	0	0	0	0.7307692307692307
101	R01-9-E	1	1	1	2	1	1	1	2	1	1	1	2	1	1	1	1	1	1	1	2	1	1	2	1	1	1	1	0.8076923076923077
102	R01-9-O	1	1	1	2	1	1	1	2	1	1	1	2	1	1	1	1	1	1	1	2	1	1	2	1	1	1	1	0.8076923076923077
103	R01-10-A	0	0	0	2	0	1	1	2	1	1	0	2	0	0	0	0	0	0	0	2	0	1	2	0	0	0	1	0.5769230769230769
104	R01-10-O	1	1	1	2	1	1	1	2	1	1	1	2	1	1	1	1	0	1	1	2	1	1	2	0	0	1	1	0.6923076923076923
105	R01-11-A	0	0	0	2	0	0	0	2	0	1	0	2	0	0	0	0	1	0	0	2	0	0	2	0	0	0	0	0.7307692307692307
106	R01-11-I	1	1	1	2	1	1	1	2	1	1	1	2	1	1	1	1	1	1	1	2	1	1	2	1	1	1	1	0.8076923076923077
107	R01-11-E	1	1	1	2	1	1	1	2	1	1	1	2	1	1	1	1	1	1	1	2	1	1	2	0	1	1	1	0.7692307692307693
108	R01-12-A	1	1	1	2	1	1	1	2	1	1	1	2	1	1	1	1	1	1	1	2	1	1	2	1	1	1	1	0.8076923076923077
109	R01-12-I	0	0	0	2	0	0	0	2	2	0	0	2	0	0	0	0	1	0	0	2	0	0	2	0	0	0	0	0.7307692307692307
110	R01-12-U	1	1	1	2	1	1	1	2	1	1	1	2	1	1	1	1	1	1	1	2	1	1	2	1	1	1	1	0.8076923076923077
111	R01-12-O	0	1	1	2	1	1	1	2	1	1	0	2	1	1	1	1	0	1	1	2	1	1	2	0	0	1	1	0.15384615384615385
112	R1-13-A	0	0	0	2	0	0	0	2	1	1	0	2	0	0	0	0	0	0	0	2	0	0	2	0	0	0	0	0.7307692307692307
113	R1-13-I	1	1	1	2	1	1	1	2	1	1	1	2	1	1	1	1	1	1	1	2	1	1	2	0	1	1	1	0.7692307692307693
114	R1-13-U	0	0	0	2	0	0	0	2	1	1	0	2	0	0	0	0	0	0	0	2	0	0	2	0	0	0	0	0.7307692307692307
115	R1-13-E	0	0	0	2	0	0	0	2	1	1	0	2	0	0	0	1	0	0	0	2	0	1	2	0	0	0	0	0.6538461538461539
116	R1-13-O	1	1	1	2	1	1	1	2	1	1	1	2	1	1	1	1	0	1	1	2	1	1	2	0	0	1	1	0.6923076923076923
117	R1-14-A	1	0	1	2	1	1	1	2	1	1	0	2	1	1	0	1	0	1	1	2	1	0	2	0	0	0	1	0.5
118	R1-14-I	1	0	1	2	0	0	0	2	0	1	0	2	0	0	0	0	0	0	0	2	0	0	2	0	0	0	0	0.07692307692307693
119	R1-14-U	0	0	0	2	1	0	0	2	1	1	0	2	0	0	0	0	0	0	0	2	0	1	2	0	0	1	0	0.6153846153846154
120	R1-14-E	0	0	0	2	0	0	0	2	1	1	0	2	0	0	0	0	0	0	0	2	0	0	2	0	0	0	0	0.7307692307692307
121	R1-14-O	1	1	1	2	1	1	1	2	1	1	1	2	1	1	1	1	1	1	1	2	1	1	2	0	0	1	1	0.7307692307692307
122	R1-15-A	0	0	0	2	0	0	0	2	1	1	0	2	0	0	0	0	0	0	0	2	0	0	2	0	0	0	0	0.7307692307692307
123	R1-15-I	1	0	0	2	0	0	0	2	1	1	0	2	0	0	0	0	0	0	0	2	0	0	2	0	0	0	0	0.07692307692307693
124	R1-15-U	0	0	0	2	0	0	0	2	1	1	0	2	0	0	0	0	1	0	0	2	0	0	2	0	0	0	0	0.6923076923076923
125	R1-15-E	0	0	0	2	0	0	0	2	1	1	0	2	0	0	0	0	0	0	0	2	0	0	2	0	0	0	0	0.7307692307692307
126	R1-15-O	1	1	1	2	1	1	1	2	1	1	0	2	1	1	1	1	0	1	1	2	1	1	2	0	0	1	1	0.6538461538461539
127	R1-16-U	0	0	0	2	0	0	0	2	1	1	0	2	0	0	0	0	0	0	0	2	0	0	2	0	0	0	0	0.7307692307692307
128	R1-17-A	1	1	1	2	1	1	1	2	1	1	1	2	1	1	1	1	0	1	1	2	1	1	2	0	0	1	1	0.6923076923076923
129	R1-17-I	0	0	0	2	1	0	1	2	1	1	1	2	1	0	1	0	1	0	0	2	0	1	2	0	1	0	1	0.38461538461538464
130	R1-17-U	0	1	1	2	0	1	1	2	1	0	0	2	0	0	1	0	0	0	0	2	0	1	2	0	0	0	0	0.5384615384615384
131	R1-17-O	1	1	1	2	1	1	1	2	1	1	1	2	1	1	1	1	1	1	1	2	1	1	2	0	1	1	1	0.7692307692307693
132	R1-18-U	1	1	1	2	0	0	0	2	1	1	0	2	1	1	1	1	0	1	1	2	0	0	2	0	0	1	1	0.46153846153846156
133	R1-18-E	0	1	1	2	0	0	0	2	1	1	0	2	1	1	1	1	0	0	1	2	1	0	2	0	0	0	0	0.4230769230769231
134	R1-19-A	0	0	0	2	0	0	0	2	1	1	0	2	0	0	1	0	0	0	0	2	0	0	2	0	0	1	0	0.6538461538461539
135	R1-19-I	1	1	1	2	1	1	1	2	1	1	1	2	0	1	1	1	0	0	1	2	1	1	2	0	0	1	1	0.6153846153846154
136	R1-19-U	0	1	1	2	1	1	1	2	1	1	1	2	1	1	1	1	0	1	1	2	1	1	2	0	1	1	1	0.07692307692307693
137	R1-19-E	1	0	0	2	0	0	0	2	1	1	0	2	0	0	0	0	0	0	0	2	0	0	2	0	0	0	0	0.07692307692307693
138	R1-19-O	0	0	0	2	0	0	0	2	1	1	0	2	0	0	0	1	0	0	0	2	0	1	2	0	0	1	0	0.6153846153846154
139	R1-20-A	0	0	0	2	0	0	0	2	1	1	0	2	0	0	0	0	0	0	0	2	0	0	2	0	0	0	0	0.7307692307692307
140	R1-20-I	1	1	1	2	1	1	1	2	1	1	0	2	1	1	1	1	0	1	1	2	1	1	2	0	0	1	1	0.6538461538461539
141	R1-21-A	0	0	1	2	1	1	1	2	1	1	1	2	1	1	1	1	0	1	1	2	1	1	2	0	0	1	1	0.15384615384615385
142	R1-21-I	1	1	1	2	1	1	1	2	1	1	0	2	1	1	1	0	0	1	0	2	0	1	2	0	0	0	1	0.5
143	R1-21-U	1	0	0	2	0	0	0	2	1	1	0	2	0	0	0	0	0	0	0	2	0	0	2	0	0	0	0	0.07692307692307693
144	R1-21-E	0	0	0	2	0	0	0	2	0	0	0	2	0	0	0	0	0	0	0	2	0	0	2	0	0	0	0	0.8076923076923077
145	R1-21-O	1	1	1	2	1	1	1	2	1	1	0	2	1	1	1	1	0	1	1	2	1	1	2	0	0	1	1	0.6538461538461539
146	R1-22-A	0	1	0	2	0	0	1	2	1	1	0	2	0	1	0	0	0	1	1	2	0	1	2	0	0	1	1	0.4230769230769231
147	R1-22-I	1	0	1	2	0	0	0	2	1	1	0	2	1	0	0	0	0	0	1	2	0	1	2	0	0	1	1	0.3076923076923077
148	R1-22-E	1	1	0	2	0	1	0	2	1	1	0	2	1	0	1	0	0	1	0	2	0	1	2	0	0	0	1	0.34615384615384615
149	R1-23-2	0	1	1	2	0	0	0	2	1	1	0	2	1	1	0	0	0	1	1	2	0	1	2	0	0	0	1	0.4230769230769231
150	R1-23-3	0	0	0	2	0	0	0	2	1	1	0	2	0	0	0	0	0	0	0	2	0	0	2	0	0	0	0	0.7307692307692307
151	R1-23-4	0	0	0	2	0	0	0	2	0	1	0	2	0	0	0	0	0	0	0	2	0	0	2	0	0	0	0	0.7692307692307693
152	R1-23-5	1	1	1	2	0	1	1	2	0	1	0	2	1	0	0	1	0	1	1	2	1	1	2	0	0	1	1	0.5
153	R1-24-A	1	1	1	2	1	1	1	2	1	1	0	2	1	1	1	1	0	1	1	2	1	1	2	0	0	1	1	0.6538461538461539
154	R1-24-I	1	1	1	2	1	1	1	2	1	1	1	2	1	1	1	1	0	1	1	2	1	1	2	0	0	1	1	0.6923076923076923
155	R1-24-U	0	1	1	2	1	1	1	2	1	1	1	2	1	1	1	1	0	1	1	2	1	1	2	0	0	1	1	0.11538461538461539
156	R1-24-E	1	1	1	2	1	1	1	2	1	1	0	2	1	1	1	1	0	1	1	2	1	1	2	0	0	1	1	0.6538461538461539
157	R1-24-O	0	1	1	2	1	1	1	2	1	1	0	2	1	1	1	1	0	1	1	2	1	1	2	0	0	1	1	0.15384615384615385
158	R01-25-A	0	0	0	2	0	0	0	2	0	0	0	2	0	0	0	0	0	0	0	2	0	0	2	0	0	0	0	0.8076923076923077
159	R01-25-I	1	0	0	2	0	0	0	2	1	0	0	2	0	0	0	0	0	0	0	2	0	0	2	0	0	0	0	0.038461538461538464
160	R01-25-U	1	1	1	2	1	1	1	2	1	1	1	2	1	1	1	1	1	1	1	2	1	1	2	1	1	1	1	0.8076923076923077
161	R01-25-E	1	1	1	2	1	1	1	2	1	1	1	2	1	1	1	1	1	1	1	2	1	1	2	1	1	1	1	0.8076923076923077
162	R01-25-O	0	0	0	2	0	0	0	2	2	1	1	2	0	0	0	0	1	0	0	2	0	0	2	0	1	0	0	0.6153846153846154
163	R01-26-A	1	1	1	2	0	1	1	2	1	1	0	2	1	1	1	1	0	1	1	2	0	1	2	0	0	1	1	0.5769230769230769
164	R01-26-I	1	1	1	2	1	1	1	2	1	1	1	2	1	1	1	1	0	1	1	2	1	1	2	0	0	1	1	0.6923076923076923
165	R01-26-U	0	1	1	2	0	1	0	2	1	1	0	2	0	0	1	1	0	1	0	2	1	0	2	0	0	1	0	0.4230769230769231
166	R01-26-E	0	0	0	2	0	0	0	2	1	1	0	2	0	0	1	0	0	0	0	2	0	0	2	0	0	0	0	0.6923076923076923
167	R01-26-O	1	1	1	2	1	1	1	2	1	1	1	2	1	1	1	1	1	1	1	2	1	1	2	0	1	1	1	0.7692307692307693
168	R01-28-A	1	1	1	2	1	1	1	2	1	1	0	2	1	1	1	1	0	1	1	2	1	1	2	0	0	1	1	0.6538461538461539
169	R01-28-I	0	0	0	2	1	0	0	2	1	1	0	2	0	0	0	0	0	0	0	2	0	0	2	0	0	1	1	0.6153846153846154
170	R01-28-U	1	1	1	2	1	1	1	2	1	1	1	2	1	1	1	1	0	1	1	2	1	1	2	0	1	1	1	0.7307692307692307
171	R01-28-E	0	0	0	2	0	0	0	2	1	1	0	2	0	0	0	0	0	0	0	2	0	0	2	0	0	0	0	0.7307692307692307
172	R01-28-O	0	1	1	2	1	1	1	2	1	1	0	2	1	1	1	1	0	1	1	2	1	1	2	0	0	1	1	0.15384615384615385
173	R01-31-A	1	1	1	2	1	1	1	2	1	1	0	2	1	1	1	1	0	1	1	2	1	1	2	0	0	1	1	0.6538461538461539
174	R01-36-A	0	0	0	2	0	0	0	2	1	0	0	2	0	0	0	0	0	0	0	2	0	0	2	0	0	0	0	0.7692307692307693
175	R01-36-I	0	0	0	2	0	0	0	2	0	1	0	2	0	0	0	0	0	0	0	2	0	0	2	0	0	0	0	0.7692307692307693
176	R01-36-U	1	0	0	2	0	0	0	2	1	1	0	2	0	0	0	0	0	0	0	2	0	0	2	0	0	0	0	0.07692307692307693
177	R01-36-E	1	1	1	2	1	1	1	2	1	1	1	2	1	1	1	1	1	1	1	2	1	1	2	1	1	1	1	0.8076923076923077
178	R01-37-A	0	1	1	2	1	1	1	2	1	1	1	2	1	1	1	1	1	1	1	2	1	1	2	0	0	1	1	0.07692307692307693
179	R01-37-I	1	0	1	2	0	1	1	2	1	1	0	2	0	1	0	1	0	0	1	2	0	0	2	0	0	0	1	0.34615384615384615
180	R01-37-U	0	1	1	2	1	1	1	2	1	1	0	2	1	1	1	1	0	1	1	2	1	1	2	0	0	0	1	0.19230769230769232
181	R02-1-A	0	1	1	1	1	1	1	2	1	1	0	0	1	1	1	1	0	1	1	2	1	1	2	0	0	1	1	0.19230769230769232
182	R02-1-I	0	0	0	0	0	0	0	2	0	0	0	1	0	0	0	0	1	0	0	2	0	0	2	0	0	0	0	0.8076923076923077
183	R02-1-U	0	0	0	1	0	0	0	2	0	0	0	1	0	0	0	0	0	0	0	2	0	0	2	0	0	0	0	0.8076923076923077
184	R02-1-E	1	1	1	2	1	1	1	2	1	1	1	1	1	1	1	1	1	1	1	2	1	1	2	1	1	1	1	0.8461538461538461
185	R02-2-E	0	0	0	1	0	0	0	2	0	1	0	1	0	0	0	0	1	0	0	2	0	0	2	0	0	0	0	0.7307692307692307
186	R02-3-A	0	1	1	1	1	1	1	2	1	1	0	0	1	1	1	1	0	1	1	2	1	1	2	0	0	1	1	0.19230769230769232
187	R02-3-I	0	0	0	1	0	0	0	2	0	1	0	0	0	0	0	0	0	0	0	2	0	0	2	0	0	0	0	0.8076923076923077
188	R02-3-U	1	1	1	0	1	1	1	2	1	1	1	0	1	1	1	1	0	1	1	2	1	1	2	0	0	1	1	0.6923076923076923
189	R02-3-O	0	1	1	1	1	1	1	2	1	1	1	0	1	1	1	1	0	1	1	2	1	1	2	0	1	1	1	0.11538461538461539
190	R02-4-A	0	0	0	0	0	0	0	2	1	1	0	0	0	0	0	0	0	0	1	2	0	0	2	0	0	0	0	0.7692307692307693
191	R02-4-I	1	1	1	1	1	1	1	2	1	1	1	0	1	1	1	1	0	1	1	2	1	1	2	0	0	1	1	0.7307692307692307
192	R02-4-U	0	1	1	1	1	1	1	2	1	1	1	0	1	1	1	1	0	1	1	2	1	1	2	0	1	1	1	0.11538461538461539
193	R02-5-A	1	1	1	1	1	1	1	2	1	1	1	1	1	1	1	1	1	1	1	2	1	1	2	1	1	1	1	0.8846153846153846
194	R02-5-I	0	0	1	1	1	0	0	2	1	1	0	1	0	1	0	0	0	0	0	2	0	0	2	0	0	0	1	0.5769230769230769
195	R02-5-U	1	1	1	1	1	1	1	2	1	1	1	1	1	1	1	1	1	1	1	2	1	1	2	1	0	1	1	0.8461538461538461
196	R02-5-E	0	0	0	1	0	0	0	2	1	1	0	1	0	0	0	0	0	0	0	2	0	0	2	0	0	0	0	0.7307692307692307
197	R02-5-O	1	1	1	1	1	1	1	2	1	1	1	0	1	1	1	1	1	1	1	2	1	1	2	1	1	1	1	0.8461538461538461
198	R02-8-E	1	0	0	0	0	0	0	2	1	1	0	0	0	0	0	0	0	0	0	2	0	0	2	0	0	0	0	0.07692307692307693
199	R02-8-O	1	1	1	1	1	1	1	2	1	1	0	0	1	1	1	1	0	1	1	2	1	1	2	0	0	1	1	0.6923076923076923
200	R02-9-A	0	1	1	1	1	1	1	2	1	1	1	0	1	1	1	1	0	1	1	2	1	1	2	0	0	1	1	0.15384615384615385
201	R02-9-I	1	1	1	1	1	1	1	2	1	1	0	0	1	1	1	1	0	1	1	2	1	1	2	0	0	1	1	0.6923076923076923
202	R02-9-U	1	1	1	1	1	1	1	2	1	1	1	0	1	1	1	1	0	1	1	2	1	1	2	0	0	1	1	0.7307692307692307
203	R02-9-E	0	1	1	0	1	1	1	2	0	1	0	0	1	0	1	1	0	1	1	2	1	1	2	0	0	1	1	0.3076923076923077
204	R02-9-O	1	1	1	1	1	1	1	2	1	1	0	0	1	1	1	1	0	1	1	2	1	1	2	0	0	1	1	0.6923076923076923
205	R02-10-I	0	0	0	1	0	0	0	2	0	1	0	0	0	0	0	0	0	0	0	2	0	0	2	0	0	0	0	0.8076923076923077
206	R02-10-U	1	1	1	1	1	1	1	2	1	1	1	0	1	1	1	1	1	1	1	2	1	1	2	1	1	1	1	0.8461538461538461
207	R02-10-E	1	1	1	1	1	1	1	2	1	1	1	1	1	1	1	1	1	1	1	2	1	1	2	1	1	1	1	0.8846153846153846
208	R02-11-E	1	1	1	1	1	1	1	2	1	1	1	0	1	1	1	1	1	1	1	2	1	1	2	1	1	1	1	0.8461538461538461
209	R02-12-A	0	0	0	1	1	0	0	2	1	1	0	1	0	1	0	0	0	0	0	2	0	0	2	0	0	0	0	0.6538461538461539
210	R02-13-A	0	0	0	1	1	0	0	2	1	1	0	0	0	0	0	0	0	0	0	2	0	0	2	0	0	0	0	0.7307692307692307
211	R02-13-E	0	0	0	1	0	0	0	2	1	1	0	0	0	0	0	0	0	0	0	2	0	0	2	0	0	0	0	0.7692307692307693
212	R02-15-I	0	1	1	1	1	1	1	2	1	1	0	0	1	1	1	1	0	1	0	2	1	1	2	0	0	0	1	0.2692307692307692
213	R02-15-U	1	1	1	1	1	1	1	2	1	1	0	0	1	1	1	1	0	1	1	2	1	1	2	0	0	1	1	0.6923076923076923
214	R02-15-E	0	0	0	2	0	0	0	2	1	1	0	0	1	0	0	0	0	1	1	2	0	1	2	0	0	0	0	0.6153846153846154
215	R02-15-O	0	1	1	0	1	1	1	2	1	1	0	0	1	1	1	1	0	1	1	2	1	1	2	0	0	1	1	0.23076923076923078
216	R02-16-A	0	0	0	1	1	0	1	2	1	1	1	0	1	1	1	1	0	1	1	2	1	1	2	0	0	1	1	0.2692307692307692
217	R02-16-I	0	1	1	1	1	1	1	2	1	1	0	0	1	1	1	1	0	1	1	2	1	1	2	0	0	1	1	0.19230769230769232
218	R02-16-U	1	0	0	0	0	0	0	2	1	1	0	0	0	0	0	0	0	0	0	2	0	0	2	0	0	0	0	0.07692307692307693
219	R02-16-E	1	1	1	1	1	1	1	2	1	1	0	0	1	1	1	1	0	1	1	2	1	1	2	0	0	1	1	0.6923076923076923
220	R02-16-O	0	1	1	1	1	1	1	2	1	1	0	0	1	1	1	1	0	1	1	2	1	1	2	0	0	1	0	0.23076923076923078
221	R02-17-A	0	0	0	1	0	0	0	2	0	1	0	1	0	0	1	0	0	0	0	2	0	0	2	0	0	0	1	0.6923076923076923
222	R02-17-I	0	0	0	0	1	0	0	2	0	1	0	1	0	0	1	0	0	0	1	2	1	0	2	0	0	1	0	0.6153846153846154
223	R02-17-U	1	1	1	1	1	0	1	2	1	1	0	1	0	0	1	1	0	1	1	2	1	1	2	0	0	1	1	0.6153846153846154
224	R02-17-O	1	1	1	1	1	1	1	2	1	1	0	1	1	1	1	1	0	1	1	2	1	1	2	0	0	1	1	0.7307692307692307
225	R02-18-U	1	1	1	0	1	1	1	2	1	1	0	0	1	1	1	1	0	1	1	2	1	1	2	0	0	1	1	0.6538461538461539
226	R02-19-A	1	1	1	1	1	1	1	2	1	1	1	1	1	1	1	1	0	1	1	2	1	1	2	0	0	1	1	0.7692307692307693
227	R02-19-I	0	0	0	1	0	0	0	2	0	1	0	1	0	0	0	0	0	0	0	2	1	1	2	0	0	0	0	0.6923076923076923
228	R02-19-E	1	1	1	1	1	1	1	2	1	1	0	0	1	1	1	1	0	1	1	2	1	1	2	0	0	1	1	0.6923076923076923
229	R02-21-A	1	1	1	1	1	1	1	2	1	1	1	1	1	1	1	1	1	1	1	2	1	1	2	1	1	1	1	0.8846153846153846
230	R02-23-I	0	1	0	0	0	0	0	2	1	1	0	1	1	0	0	0	0	0	0	2	0	0	2	0	0	0	0	0.6923076923076923
231	R02-23-U	0	0	0	1	0	0	0	2	0	1	0	1	0	0	0	0	0	0	0	2	0	0	2	0	0	0	0	0.7692307692307693
232	R02-23-E	0	0	0	0	0	0	0	2	1	1	0	0	0	0	0	0	0	0	0	2	0	0	2	0	0	0	0	0.8076923076923077
233	R02-23-O	1	1	1	0	1	1	1	2	1	1	1	0	1	1	1	1	0	1	1	2	1	1	2	0	0	1	1	0.6923076923076923
234	R02-24-A	1	1	0	1	1	1	1	2	1	1	1	0	0	1	1	1	0	0	1	2	1	1	2	0	0	1	1	0.6153846153846154
235	R02-24-I	0	1	1	1	1	1	1	2	1	1	1	0	1	1	1	1	0	1	1	2	1	1	2	0	0	1	1	0.15384615384615385
236	R02-24-U	1	0	0	1	0	0	0	2	0	0	0	0	0	0	0	0	0	0	0	2	0	0	2	0	0	0	0	0.038461538461538464
237	R02-24-E	0	0	0	1	0	0	0	2	0	1	0	0	0	0	0	0	0	0	0	2	0	0	2	0	0	0	0	0.8076923076923077
238	R02-24-O	0	0	0	1	0	0	0	2	0	1	0	0	0	0	0	0	0	0	0	2	0	0	2	0	0	0	0	0.8076923076923077
239	R02-25-A	1	1	1	1	1	1	1	2	1	1	1	1	1	1	1	1	1	1	1	2	1	1	2	0	0	1	1	0.8076923076923077
240	R02-25-I	0	0	0	1	0	0	0	2	0	0	0	0	0	0	0	0	1	0	0	2	0	0	2	1	1	0	0	0.7307692307692307
241	R02-25-U	1	1	1	1	1	1	1	2	1	1	1	0	1	1	1	1	1	1	1	2	1	1	2	1	1	1	1	0.8461538461538461
242	R02-25-E	0	1	0	1	0	1	0	2	1	1	1	1	1	0	0	1	1	1	1	2	0	1	2	1	1	1	0	0.2692307692307692
243	R02-25-O	1	1	1	1	1	1	1	2	1	1	1	0	1	1	1	1	0	1	1	2	1	1	2	0	0	1	1	0.7307692307692307
244	R02-26-A	0	0	0	1	0	0	0	2	0	0	0	0	0	0	0	0	0	0	0	2	0	0	2	0	0	0	0	0.8461538461538461
245	R02-26-I	0	0	0	1	0	0	0	2	2	1	0	1	0	0	0	0	0	0	0	2	0	0	2	0	0	0	0	0.7307692307692307
246	R02-26-U	0	0	0	1	0	0	0	2	1	1	0	0	0	0	0	0	0	0	0	2	0	0	2	0	0	0	0	0.7692307692307693
247	R02-26-O	1	1	1	1	1	1	1	2	1	1	0	0	1	1	1	1	0	1	1	2	1	1	2	0	0	1	1	0.6923076923076923
248	R02-27-A	0	0	0	0	0	0	0	2	2	1	0	1	0	0	0	0	0	0	0	2	0	0	2	0	0	0	0	0.7692307692307693
249	R02-27-I	0	1	0	1	0	0	0	2	1	1	1	0	0	0	0	1	0	0	0	2	1	1	2	0	1	0	1	0.5
250	R02-27-U	1	1	1	1	1	1	1	2	1	1	1	0	1	1	1	1	1	1	1	2	1	1	2	1	1	1	1	0.8461538461538461
251	R02-27-E	1	1	1	0	1	1	1	2	1	1	1	1	1	1	1	1	1	1	1	2	1	1	2	1	1	1	1	0.8461538461538461
252	R02-27-O	0	0	0	1	0	0	0	2	2	1	0	1	0	0	0	0	0	0	0	2	0	0	2	0	0	0	0	0.7307692307692307
253	R02-28-U	0	0	0	1	1	1	0	2	1	1	0	0	0	1	0	0	0	0	0	2	0	0	2	0	0	1	0	0.6153846153846154
254	R02-28-O	1	1	1	1	1	1	1	2	1	1	1	0	1	1	1	1	0	1	1	2	1	1	2	0	0	1	1	0.7307692307692307
255	R02-29-A	1	1	1	1	1	1	1	2	1	1	0	0	1	1	1	1	0	1	1	2	1	1	2	0	0	1	1	0.6923076923076923
256	R02-36-A	1	1	0	0	0	0	1	2	1	1	0	1	0	1	1	1	0	1	0	2	1	1	2	0	0	0	1	0.46153846153846156
257	R02-36-I	0	0	1	1	1	0	1	2	1	1	0	0	0	0	1	0	0	0	0	2	1	1	2	0	0	1	1	0.46153846153846156
258	R02-36-U	1	1	1	1	1	1	1	2	1	1	1	0	1	1	1	1	0	1	1	2	1	1	2	0	1	1	1	0.7692307692307693
259	R02-36-E	0	0	0	1	0	0	0	2	1	1	0	0	0	0	0	0	0	0	0	2	0	0	2	0	0	0	0	0.7692307692307693
260	R02-37-A	1	1	1	1	1	1	1	2	1	1	1	1	1	1	1	1	0	1	1	2	1	1	2	0	0	1	1	0.7692307692307693
261	R02-37-I	1	1	1	1	1	1	1	2	1	1	1	0	1	1	1	1	1	1	1	2	1	1	2	1	1	1	1	0.8461538461538461
262	R03-01-E	0	0	0	1	0	0	0	2	0	1	0	1	0	0	0	0	0	0	0	2	0	0	2	0	0	0	0	0.7692307692307693
263	R03-01-I	1	1	1	1	1	1	1	2	1	1	1	1	1	1	1	1	1	1	1	2	1	1	2	0	1	1	1	0.8461538461538461
264	R03-01-O	0	1	1	1	1	1	1	2	1	1	1	0	1	1	1	1	0	1	1	2	1	1	2	0	0	1	1	0.15384615384615385
265	R03-02-A	1	1	1	1	1	1	1	2	1	1	1	0	1	1	1	1	1	1	1	2	1	1	2	1	1	1	1	0.8461538461538461
266	R03-02-E	1	1	1	1	1	1	1	2	1	1	0	0	1	1	1	1	0	1	1	2	1	1	2	0	0	1	1	0.6923076923076923
267	R03-02-I	0	0	0	1	0	0	0	2	0	1	0	0	0	0	0	0	0	0	0	2	0	0	2	0	0	0	0	0.8076923076923077
268	R03-02-O	0	0	1	1	1	1	1	2	0	1	0	0	1	0	1	1	0	1	1	2	1	1	2	0	0	1	1	0.3076923076923077
269	R03-03-A	1	1	1	0	1	1	1	2	1	1	1	1	1	1	1	1	0	1	1	2	1	1	2	0	0	1	1	0.7307692307692307
270	R03-03-E	0	1	1	0	1	1	1	2	1	1	1	0	1	1	1	1	0	1	1	2	1	1	2	0	0	1	1	0.19230769230769232
271	R03-03-I	1	1	1	0	1	1	1	2	1	1	1	0	1	1	1	1	1	1	1	2	1	1	2	0	1	1	1	0.7692307692307693
272	R03-03-O	0	0	0	0	1	1	0	2	0	1	1	0	1	0	1	0	1	0	0	2	0	1	2	0	1	1	0	0.5
273	R03-03-U	1	1	1	1	1	1	1	2	1	1	1	0	1	1	1	1	1	1	1	2	1	1	2	0	1	1	1	0.8076923076923077
274	R03-04-A	0	1	1	1	1	1	0	2	1	1	1	0	1	1	0	1	0	1	1	2	1	1	2	0	1	1	1	0.19230769230769232
275	R03-04-E	0	1	1	0	1	1	1	2	1	1	1	0	1	1	1	1	1	1	1	2	1	1	2	0	1	1	1	0.11538461538461539
276	R03-04-I	1	1	1	0	1	1	1	2	1	1	1	0	1	1	1	1	0	1	1	2	1	1	2	0	1	1	1	0.7307692307692307
277	R03-04-O	1	1	1	1	1	1	1	2	1	1	1	0	1	1	1	1	0	1	1	2	1	1	2	0	1	1	1	0.7692307692307693
278	R03-04-U	1	1	1	0	1	1	1	2	1	1	0	1	1	1	1	1	0	1	1	2	1	1	2	0	0	1	1	0.6923076923076923
279	R03-05-A	0	0	0	1	0	0	0	2	1	1	0	0	0	0	0	0	0	0	0	2	0	0	2	0	0	0	0	0.7692307692307693
280	R03-05-O	0	0	0	1	0	0	0	2	1	1	0	1	0	0	0	0	0	0	0	2	0	0	2	0	0	0	0	0.7307692307692307
281	R03-05-U	1	1	1	1	1	1	1	2	1	1	1	1	1	1	1	1	1	1	1	2	1	1	2	0	0	1	1	0.8076923076923077
282	R03-07-A	0	1	1	1	1	1	1	2	0	1	0	1	1	1	0	0	0	0	1	2	1	1	2	0	0	1	1	0.3076923076923077
283	R03-07-E	0	1	1	0	1	1	1	2	1	1	0	0	1	1	1	1	0	1	1	2	1	1	2	0	0	1	1	0.23076923076923078
284	R03-07-I	1	1	1	1	1	1	1	2	1	1	0	0	1	1	1	1	0	1	1	2	1	1	2	0	0	1	1	0.6923076923076923
285	R03-07-O	1	1	1	1	1	1	1	2	1	1	1	1	1	1	1	1	0	1	1	2	1	1	2	0	0	1	1	0.7692307692307693
286	R03-08-A	0	1	1	1	1	1	1	2	1	1	0	1	1	1	1	1	0	1	1	2	1	1	2	0	0	1	1	0.15384615384615385
287	R03-08-E	1	1	1	1	1	1	1	2	1	1	1	1	1	1	1	1	1	1	1	2	1	1	2	0	1	1	1	0.8461538461538461
288	R03-08-O	1	1	1	1	1	1	1	2	1	1	1	0	1	1	1	1	0	1	1	2	1	1	2	0	0	1	1	0.7307692307692307
289	R03-08-U	1	1	1	1	1	1	1	2	1	1	0	0	1	1	1	1	0	1	1	2	1	1	2	0	0	1	1	0.6923076923076923
290	R03-09-A	1	1	1	1	1	1	1	2	1	1	1	0	1	1	1	1	0	1	1	2	1	1	2	0	0	1	1	0.7307692307692307
291	R03-09-E	1	1	1	0	1	1	1	2	1	1	1	0	1	1	1	1	1	1	1	2	1	1	2	1	1	1	1	0.8076923076923077
292	R03-09-U	0	1	1	1	1	1	1	2	1	1	1	1	1	1	1	1	1	1	1	2	1	1	2	1	1	1	1	0.0
293	R03-10-A	0	1	1	1	0	0	0	2	1	1	1	1	1	1	1	0	1	1	0	2	0	0	2	0	1	1	1	0.3076923076923077
294	R03-10-O	1	1	0	1	1	1	1	2	1	1	1	1	1	1	1	1	0	0	1	2	0	1	2	0	0	1	1	0.6538461538461539
295	R03-10-U	1	1	1	0	0	1	1	2	1	1	1	1	1	1	1	1	1	1	0	2	1	0	2	0	1	1	1	0.6923076923076923
296	R03-12-A	0	0	0	0	0	0	0	2	1	1	0	0	0	0	0	0	0	0	0	2	0	0	2	0	0	0	0	0.8076923076923077
297	R03-12-E	1	1	1	0	1	1	1	2	1	1	1	1	1	1	1	1	1	1	1	2	1	1	2	1	1	1	1	0.8461538461538461
298	R03-12-I	1	1	1	1	1	1	1	2	1	1	1	1	1	1	1	1	1	1	1	2	1	1	2	1	1	1	1	0.8846153846153846
299	R03-12-O	0	0	0	1	0	0	0	2	1	1	0	0	0	0	0	0	0	0	0	2	0	0	2	0	0	0	0	0.7692307692307693
300	R03-12-U	0	0	0	1	0	0	0	2	1	1	0	0	0	0	0	0	0	0	0	2	0	0	2	0	0	0	0	0.7692307692307693
301	R03-13-A	1	1	1	1	1	1	1	2	1	1	0	0	1	1	1	1	0	1	1	2	1	1	2	0	0	1	1	0.6923076923076923
302	R03-15-A	1	0	0	0	1	1	0	2	0	1	0	1	1	1	1	0	0	1	1	2	0	1	2	0	0	1	0	0.4230769230769231
303	R03-15-E	0	1	1	0	0	0	0	2	1	1	0	0	0	1	1	0	0	0	1	2	0	1	2	0	0	0	0	0.5769230769230769
304	R03-15-I	1	1	1	1	1	1	1	2	1	1	1	0	1	1	1	1	0	1	1	2	1	1	2	0	0	1	1	0.7307692307692307
305	R03-15-U	0	1	1	1	1	1	1	2	1	1	1	1	1	1	1	1	1	1	1	2	1	1	2	0	0	1	1	0.07692307692307693
306	R03-16-E	1	1	1	1	1	1	1	2	1	1	1	1	1	1	1	1	0	1	1	2	1	1	2	0	0	1	1	0.7692307692307693
307	R03-16-O	0	1	1	1	1	1	1	2	1	1	0	0	1	1	1	1	0	1	1	2	1	1	2	0	0	1	1	0.19230769230769232
308	R03-16-U	1	1	1	0	1	1	1	2	1	1	0	0	1	1	1	1	0	1	1	2	1	1	2	0	0	1	1	0.6538461538461539
309	R03-17-I	1	1	1	1	1	1	1	2	1	1	1	0	1	1	1	1	1	1	1	2	1	1	2	0	1	1	1	0.8076923076923077
310	R03-17-O	1	1	1	1	1	1	1	2	1	1	0	0	1	1	1	1	0	1	1	2	1	1	2	0	0	1	1	0.6923076923076923
311	R03-17-U	1	1	1	1	1	1	1	2	1	1	1	1	1	1	1	1	1	1	1	2	1	1	2	1	1	1	1	0.8846153846153846
312	R03-19-A	1	1	1	1	1	1	1	2	1	1	1	0	1	1	1	1	0	1	1	2	1	1	2	0	0	1	1	0.7307692307692307
313	R03-19-E	1	1	1	1	1	1	1	2	1	1	0	1	1	1	1	1	0	1	1	2	1	1	2	0	0	1	1	0.7307692307692307
314	R03-19-I	0	1	1	1	1	1	1	2	1	1	1	1	1	1	1	1	1	1	1	2	1	1	2	0	0	1	1	0.07692307692307693
315	R03-19-O	1	1	1	1	1	1	1	2	1	1	1	1	1	1	1	1	0	1	1	2	1	1	2	0	0	1	1	0.7692307692307693
316	R03-19-U	0	1	1	0	1	1	1	2	1	1	0	1	1	1	1	1	0	1	1	2	1	1	2	0	0	1	1	0.19230769230769232
317	R03-20-A	0	0	0	0	0	0	0	2	1	1	0	0	0	0	0	0	0	0	0	2	0	0	2	0	0	0	0	0.8076923076923077
318	R03-20-E	1	1	1	1	1	1	1	2	1	1	0	1	1	1	1	1	1	1	1	2	1	1	2	0	0	1	1	0.7692307692307693
319	R03-20-I	1	0	1	0	1	0	1	2	1	1	0	0	0	1	0	1	1	0	0	2	0	1	2	0	0	1	1	0.4230769230769231
320	R03-20-O	0	0	0	1	0	0	0	2	1	1	0	1	0	0	0	0	0	0	0	2	0	0	2	0	0	0	0	0.7307692307692307
321	R03-20-U	0	0	0	2	0	0	0	2	1	1	0	1	1	0	0	0	0	1	0	2	0	0	2	0	0	1	0	0.6153846153846154
322	R03-21-E	0	1	1	1	1	1	1	2	0	1	0	1	1	1	1	1	0	1	1	2	1	1	2	0	0	1	1	0.19230769230769232
323	R03-21-I	1	0	0	1	0	0	0	2	1	1	0	1	0	0	0	0	0	0	0	2	0	0	2	0	0	0	0	0.15384615384615385
324	R03-21-O	0	1	1	1	1	1	1	2	0	1	0	1	1	1	1	1	0	1	1	2	0	1	2	0	0	1	1	0.23076923076923078
325	R03-21-U	1	1	0	1	0	1	0	2	1	1	0	1	1	1	0	0	0	1	1	2	0	1	2	0	0	1	1	0.5
326	R03-22-A	0	0	0	1	0	0	0	2	1	1	1	0	0	0	0	0	1	0	0	2	0	0	2	0	1	0	0	0.6538461538461539
327	R03-22-E	1	1	1	1	1	1	1	2	1	1	1	1	1	1	1	1	1	1	1	2	1	1	2	1	1	1	1	0.8846153846153846
328	R03-22-I	0	0	0	2	1	1	0	2	1	1	1	1	0	0	0	1	1	1	0	2	0	0	2	0	0	1	0	0.46153846153846156
329	R03-22-O	1	1	1	1	1	1	1	2	1	1	1	0	1	1	1	1	1	1	1	2	1	1	2	1	1	1	1	0.8461538461538461
330	R03-22-U	1	1	1	2	1	1	1	2	1	1	1	1	1	1	1	1	1	1	1	2	1	1	2	1	1	1	1	0.8461538461538461
331	R03-23-A	0	1	0	2	0	1	0	2	1	1	0	0	1	0	0	0	0	1	1	2	1	1	2	0	0	1	1	0.4230769230769231
332	R03-23-E	0	0	0	0	0	0	0	2	0	1	0	0	0	0	0	0	0	0	0	2	0	1	2	0	0	0	0	0.8076923076923077
333	R03-23-I	1	1	1	1	1	1	1	2	1	1	0	0	1	1	1	1	0	1	1	2	1	1	2	0	0	1	1	0.6923076923076923
334	R03-23-O	0	1	1	1	1	1	1	2	1	1	1	0	1	1	1	1	1	1	1	2	1	1	2	0	1	1	1	0.07692307692307693
335	R03-23-U	1	1	1	1	1	1	1	2	1	1	1	0	1	1	1	1	0	1	1	2	1	1	2	0	0	1	1	0.7307692307692307
336	R03-24-A	1	1	1	0	0	0	0	2	1	1	0	0	0	0	0	1	0	0	1	2	1	0	2	0	0	0	0	0.2692307692307692
337	R03-24-E	0	0	0	2	0	0	0	2	1	1	0	0	0	0	0	0	0	0	0	2	0	0	2	0	0	0	0	0.7692307692307693
338	R03-24-I	1	1	1	0	1	1	1	2	1	1	1	0	1	1	1	1	1	1	1	2	1	1	2	1	1	1	1	0.8076923076923077
339	R03-24-U	0	0	0	0	0	0	0	2	0	1	0	0	0	0	0	0	0	0	0	2	0	0	2	0	0	0	0	0.8461538461538461
340	R03-25-A	0	0	0	0	0	0	0	2	1	1	0	0	0	0	0	0	0	0	0	2	0	0	2	0	0	0	0	0.8076923076923077
341	R03-25-E	1	1	1	1	1	1	1	2	1	1	1	0	1	1	1	1	1	1	1	2	1	1	2	0	1	1	1	0.8076923076923077
342	R03-25-I	1	1	1	0	1	1	1	2	1	1	1	0	1	1	1	1	1	1	1	2	1	1	2	0	1	1	1	0.7692307692307693
343	R03-25-O	1	1	1	0	1	1	1	2	1	1	1	0	1	1	1	1	1	1	1	2	1	1	2	0	1	1	1	0.7692307692307693
344	R03-25-U	0	1	1	1	1	1	0	2	1	1	1	1	1	1	1	1	0	1	0	2	1	1	2	0	0	1	1	0.19230769230769232
345	R03-26-A	1	1	1	0	1	1	1	2	1	1	0	0	1	1	1	1	0	1	1	2	1	1	2	0	0	1	1	0.6538461538461539
346	R03-26-E	0	0	0	1	0	0	0	2	2	0	0	0	0	0	0	0	0	0	0	2	0	0	2	0	0	0	0	0.8076923076923077
347	R03-26-I	0	0	0	1	0	0	0	2	1	1	0	1	0	0	0	0	0	0	0	2	0	0	2	0	0	0	0	0.7307692307692307
348	R03-26-O	1	1	1	0	1	1	1	2	1	1	1	0	1	1	1	1	1	1	1	2	1	1	2	1	1	1	1	0.8076923076923077
349	R03-26-U	1	1	1	1	1	1	1	2	1	1	1	1	1	1	1	1	1	1	1	2	1	1	2	1	1	1	1	0.8846153846153846
350	R03-27-A	1	1	1	1	1	1	1	2	1	1	1	0	1	1	1	1	1	1	1	2	1	1	2	1	1	1	1	0.8461538461538461
351	R03-27-E	0	0	0	1	0	0	0	2	1	1	0	0	0	0	0	0	0	0	0	2	0	0	2	0	0	0	0	0.7692307692307693
352	R03-27-I	1	1	1	0	1	1	1	2	1	1	1	0	1	1	1	1	1	1	1	2	1	0	2	0	1	1	1	0.7307692307692307
353	R03-27-O	0	0	0	1	0	0	0	2	1	0	0	0	0	0	0	0	0	0	0	2	0	0	2	1	0	0	0	0.7692307692307693
354	R03-27-U	1	1	1	0	1	1	1	2	2	1	1	0	1	1	1	1	1	1	1	2	1	1	2	1	1	1	1	0.7692307692307693
355	R03-28-A	1	1	1	0	1	1	1	2	1	1	1	1	1	1	1	1	1	1	1	2	1	1	2	1	1	1	1	0.8461538461538461
356	R03-28-E	0	0	0	1	0	0	0	2	0	0	0	0	0	0	0	0	1	0	0	2	0	0	2	0	0	0	0	0.8076923076923077
357	R03-28-I	0	0	0	1	1	0	1	2	1	0	1	1	1	1	1	1	0	0	1	2	1	0	2	1	0	0	0	0.38461538461538464
358	R03-28-O	1	1	1	1	1	1	1	2	2	1	1	0	1	1	1	1	1	1	1	2	1	1	2	1	1	1	1	0.8076923076923077
359	R03-28-U	0	1	0	0	0	0	0	2	1	1	0	1	1	0	1	1	0	0	0	2	0	0	2	0	0	0	0	0.6153846153846154
360	R03-29-A	0	1	1	1	1	1	1	2	1	1	1	0	1	1	1	1	0	1	1	2	1	1	2	0	0	1	1	0.15384615384615385
361	R03-29-E	1	1	1	1	1	1	1	2	1	1	1	1	1	1	1	1	1	1	1	2	1	1	2	0	1	1	1	0.8461538461538461
362	R03-29-I	1	1	1	1	1	1	1	2	1	1	1	1	1	1	1	1	1	1	1	2	1	1	2	1	1	1	1	0.8846153846153846
363	R03-29-O	0	0	0	1	0	0	0	2	0	1	0	2	0	0	0	0	0	0	0	2	0	0	2	1	0	0	0	0.7307692307692307
364	R03-29-U	0	0	0	1	0	0	0	2	0	1	0	0	0	0	0	0	0	0	0	2	0	0	2	0	0	0	0	0.8076923076923077
365	R03-36-E	0	0	1	1	0	0	0	2	0	1	0	0	1	0	0	0	0	0	0	2	0	1	2	0	0	0	1	0.6538461538461539
366	R03-36-I	0	0	0	1	0	0	0	2	0	0	0	0	1	0	1	0	0	0	0	2	1	0	2	0	0	0	1	0.6923076923076923
367	R03-36-U	1	0	0	1	0	0	0	2	2	0	0	0	0	0	0	0	0	0	0	2	0	0	2	1	0	0	0	0.07692307692307693
368	R03-37-E	0	1	0	1	1	0	0	2	1	1	0	0	1	1	0	0	0	1	0	2	0	0	2	0	0	0	1	0.5384615384615384
369	R03-37-I	1	1	1	0	1	0	1	2	1	1	1	0	1	1	1	1	0	1	0	2	1	1	2	0	0	1	1	0.6153846153846154
370	R03-37-O	0	0	0	1	0	1	0	2	0	1	0	1	1	0	0	0	0	0	0	2	0	1	2	0	0	1	1	0.5769230769230769
